{
  "source_file": "ข้อมูลที่จะใส่.PDF",
  "extracted_with": "pymupdf",
  "pages": [
    {
      "page": 1,
      "text": "ภาวะ Sarcopenia  \nSarcopenia คือ ภาวะสูญเสียมวลกล้ามเนื้อ โครงสร้าง และความแข็งแรงของกล้ามเนื้ออย่างค่อยเป็นค่อยไป ซึ่งมักเกิดขึ้นในผู้สูงอายุ \n(age-related sarcopenia)  \nพบภาวะนี้ในผู้สูงอายุถึง1:3 \nลุกนั่งล าบาก ทรงตัวไม่ดี หกล้มง่าย น ้าหนักลงแบบไม่ตั้งใจ \nโดยจะเริ่มสูญเสียประมาณ 3-8% ในช่วงอายุ 30-40 ปี \n8% ต่อ 10 ปีในช่วงอายุ 40-70 ปี \nหลังอายุ 70 ปี การสูญเสียกล้ามเนื้อจะเพิ่มขึ้น \nสาเหตุ: ขาดการออกก าลังการ \nโฮโมนเทสโทสเตอโรน เอสโตรเจนลดลง \nขาดโปรตีน วิตามินดี แคลเซียม โรคประจ าตัว \nไมโทรคอนเดรียเสื่อม กล้ามเนื้อล้าง่าย \nการอักเสบเรื้อรัง \nสูญเสียเส้นใยFast-twitch (กล้ามเนื้อเคลื่อนไหวเร็ว เช่น การลุก) \nป้องกันโดยการ: ออกก าลังกายแบบ Resistance training  2-3/สัปดาห์ \naerobicและBody weight สร้างมวลกล้ามเนื้อ \nกินโปรตีน: 1.0-1.3 กรัมต่อน ้าหนักตัว/1 กิโลกรัม \nควรจะกิน: เนื้อสัตว์ปีก อกไก่ ปลา คีนัว ข้าวโอ๊ต ข้าวกล้อง มัน ผักโขม ผลิตภัณฑ์นม เต้าหู้ ถั่วชนิดต่าง ๆ \nและไข่ สารอาหารอื่นๆ: วิตามินดี แคลเซียม และสารอาหารอื่นๆ ที่จ าเป็นต่อการสร้างและรักษากล้ามเนื้อ \nเลี่ยง: ท าอะไรที่เสี่ยงบาดเจ็บ \n \n1.กล้ามเนื้อขา (Quadriceps, Hamstrings, กล้ามเนื้อน่อง)    \n",
      "images": []
    },
    {
      "page": 2,
      "text": " ท าไมต้องดูแล: เป็นกล้ามเนื้อที่สูญเสียได้เร็วในผู้สูงอายุ ถ้าอ่อนแรงจะเดินล าบากและเสี่ยงหกล้ม   \n ต าแหน่ง : อยู่บริเวณต้นขาและน่อง   \n หน้าที่/ฟังก์ชัน : ช่วยพยุงน ้าหนักร่างกาย ควบคุมการก้าวเดิน ย่อตัว และลุกขึ้นยืน   \n  ชื่อกล้ามเนื้อส าคัญ:   \n  Quadriceps (ต้นขาด้านหน้า) → ช่วยยืน เดิน ขึ้นบันได   \n   \n Hamstrings (ต้นขาด้านหลัง) → ช่วยงอเข่า วิ่ง    \n  \nCalf muscles – Gastrocnemius & Soleus (น่อง) → ช่วยยืนบนปลายเท้า เคลื่อนไหว   \n",
      "images": [
        "/assets/page-2_img-1.jpeg",
        "/assets/page-2_img-2.jpeg"
      ]
    },
    {
      "page": 3,
      "text": "   \n  \n  \n  \n  \nท่าออกก าลังกายที่แนะน า: Quadriceps  \n1. Squat  \n  \n https://www.youtube.com/watch?v=fKrzVBsUIv4 \n● วิธีท า:  \n1. ยืนกว้างเท่าไหล่ หลังตรง  \n2. งอเข่าและสะโพกลงเหมือนนั่งเก้าอี้ น ้าหนักอยู่ที่ส้นเท้า  \n3. ค้างท่า 1–2 วินาที แล้วดันตัวกลับขึ้น  \n● จ านวนครั้ง: 12–15 ครั้ง / 3 เซ็ต  \n● ความถี่: 3–4 วัน/สัปดาห์  \n● ประโยชน์: เสริมก าลังกล้ามเนื้อหน้าขา (Quadriceps), ก้น, และสะโพก  \n",
      "images": [
        "/assets/page-3_img-1.jpeg",
        "/assets/page-3_img-2.png",
        "/assets/page-3_img-3.jpeg"
      ]
    },
    {
      "page": 4,
      "text": " \n2.Plank  \n \n \n https://www.youtube.com/watch?v=Ul7wX7kzV1Y \n● วิธีท า:  \n1. คว ่าตัวตั้งข้อศอกหรือฝ่ามือรับพื้น  \n2. หลังตรง ศีรษะ-ล าตัว-สะโพกอยู่แนวเดียวกัน  \n3. เกร็งหน้าท้องและก้น  \n  \n● จ านวนครั้ง: ค้าง 20–40 วินาที / 3 เซ็ต  \n● ความถี่: 3–5 วัน/สัปดาห์  \n● ประโยชน์: ฝึกกล้ามเนื้อแกนกลาง (core), หน้าท้อง, หลังล่าง เพิ่มสมดุลและท่าทาง  \n3.Wall Sit  \n  \n \n \n https://www.youtube.com/watch?v=DD9IPvb5yTg \n● วิธีท า:  \n",
      "images": [
        "/assets/page-4_img-1.jpeg",
        "/assets/page-4_img-2.jpeg"
      ]
    },
    {
      "page": 5,
      "text": "1. พิงหลังกับผนัง  \n2. งอเข่า 90° เหมือนนั่งเก้าอี้  \n3. มือวางข้างล าตัว ค้างท่า  \n● จ านวนครั้ง: ค้าง 20–40 วินาที / 3 เซ็ต  \n● ความถี่: 2–3 วัน/สัปดาห์  \n● ประโยชน์: เสริมความทนทานของ Quadriceps และแกนกลางล าตัว  \n  \n4.Isometric Lunge Hold  \n  \n  \n https://www.youtube.com/shorts/VsurwTOm7JI \n● วิธีท า:  \n1. ก้าวขาหนึ่งไปข้างหน้า ท าท่า lunge งอเข่า 90° ทั้งหน้าและหลัง  \n2. หลังตรง ค้างท่า  \n3. เกร็งก้นและหน้าขา  \n● จ านวนครั้ง: ค้าง 20–30 วินาที / ข้าง / 3 เซ็ต  \n● ความถี่: 3 วัน/สัปดาห์  \n● ประโยชน์: เพิ่มความแข็งแรงต้นขาหน้า-หลัง, ก้น, และเพิ่มสมดุล  \n5.Quadriceps Stretch / Leg Extension (เสริม)  \n  \n",
      "images": [
        "/assets/page-5_img-1.jpeg"
      ]
    },
    {
      "page": 6,
      "text": "  \n● https://www.youtube.com/watch?v=aYjanKS1q18 \n● วิธีท า:  \n1. ยืนตัวตรง จับข้อเท้า ดึงส้นเท้าชิดก้น  \n2. เกร็งหน้าขาและสะโพก  \n● จ านวนครั้ง: ค้าง 15–30 วินาที / ข้าง / 2–3 เซ็ต  \n● ความถี่: ทุกวัน  \n● ประโยชน์: ยืดกล้ามเนื้อหน้าขา ลดอาการปวดเข่า และเพิ่มความยืดหยุ่น  \nเคล็ดลับ:  \n● ท าให้ถูกท่าก่อนเพิ่มจ านวนครั้ง  \n● รักษาลมหายใจสม ่าเสมอ  \n● สามารถสลับท่าเพื่อให้กล้ามเนื้อพักระหว่างเซ็ต  \n  \n \n2. กล้ามเนื้อสะโพก (Gluteus Maximus, Gluteus Medius)   \n ต าแหน่ง : บริเวณก้นและด้านข้างสะโพก   \n หน้าที่/ฟังก์ชัน : ควบคุมการทรงตัวเวลายืนหรือเดิน ช่วยลดการเสียหลักและการเซ   \nท่าออกก าลังกายที่แนะน า:  GluteusMaximus  \n1. Plank  \n",
      "images": [
        "/assets/page-6_img-1.jpeg"
      ]
    },
    {
      "page": 7,
      "text": "  \nhttps://www.youtube.com/watch?v=Ul7wX7kzV1Y \n● วิธีท า: คว ่าตัว ตั้งข้อศอกหรือฝ่ามือรับพื้น ศีรษะ-ล าตัว-สะโพกอยู่แนวเดียวกัน เกร็งหน้าท้องและก้น  \n● จ านวนครั้ง: ค้าง 20–40 วินาที / 3 เซ็ต  \n● ความถี่: 3–5 วัน/สัปดาห์  \n● เน้นกล้ามเนื้อ: แกนกลางล าตัวและช่วยเกร็งก้นเพื่อคงท่า  \n \n \n \n \n \n \n● 2. Wall Sit  \n  \n",
      "images": [
        "/assets/page-7_img-1.jpeg",
        "/assets/page-7_img-2.jpeg"
      ]
    },
    {
      "page": 8,
      "text": "●  https://www.youtube.com/watch?v=DD9IPvb5yTg \n● วิธีท า: พิงหลังกับผนัง งอเข่า 90° เหมือนนั่งเก้าอี้ มือวางข้างล าตัว ค้างท่า  \n● จ านวนครั้ง: ค้าง 20–40 วินาที / 3 เซ็ต  \n● ความถี่: 2–3 วัน/สัปดาห์  \n● เน้นกล้ามเนื้อ: Quadriceps และ Gluteus Maximus  \n  \n3. Glute Bridge Hold  \n  \n● https://www.youtube.com/watch?v=O88n4N8iq_c \n● วิธีท า: นอนหงาย งอเข่า เท้าวางราบบนพื้น ยกสะโพกขึ้นจนล าตัวเป็นเส้นตรงจากหัวเข่าถึงไหล่ เกร็งก้น ค้างท่า  \n● จ านวนครั้ง: ค้าง 20–40 วินาที / 3 เซ็ต  \n● ความถี่: 3–4 วัน/สัปดาห์  \n● เน้นกล้ามเนื้อ: Gluteus Maximus, Hamstrings และ Core  \n  \n  \n4. Romanian Deadlift (RDL)  \n",
      "images": [
        "/assets/page-8_img-1.png",
        "/assets/page-8_img-2.jpeg"
      ]
    },
    {
      "page": 9,
      "text": " \n  \nhttps://www.youtube.com/watch?v=gP-EvyS8DjA \nวิธีท า:  \n1. ยืนตรง ถือดัมเบลหรือบาร์เบลที่หน้าต้นขา  \n2. ก้มตัวไปข้างหน้าโดยให้หลังตรงและเข่างอเล็กน้อย  \n3. รู้สึกตึงที่ Hamstrings แล้วดึงตัวกลับขึ้น  \n● จ านวนครั้ง: 10–12 ครั้ง / 3 เซ็ต  \n● ความถี่: 2–3 วัน/สัปดาห์  \n● ประโยชน์: ฝึก Hamstrings, Gluteus, หลังล่าง เพิ่มความแข็งแรงและความยืดหยุ่น  \n  \n \n \n \n5.Hip Thrust  \n",
      "images": [
        "/assets/page-9_img-1.jpeg"
      ]
    },
    {
      "page": 10,
      "text": "  \n● https://www.youtube.com/watch?v=wDzokosnOaY \n● วิธีท า: หลังพิงเก้าอี้หรือเบาะ เข่างอ เท้าวางพื้น วางน ้าหนักบนสะโพก (หรือไม่ใช้ก็ได้) ยกสะโพกขึ้นจนล าตัวตรง \nเกร็งก้นแล้วลดลง  \n● จ านวนครั้ง: 10–15 ครั้ง / 3 เซ็ต  \n● ความถี่: 2–3 วัน/สัปดาห์  \n● เน้นกล้ามเนื้อ: Gluteus Maximus เป็นหลัก, Hamstrings, Core  \n  \nเคล็ดลับ:  \n– ท าวันเว้นวันหรือสลับท่าเพื่อให้กล้ามเนื้อพัก  \n– เริ่มเวลาน้อย/น ้าหนักเบาก่อนแล้วเพิ่มตามก าลัง  \n– เกร็งก้นทุกครั้งที่อยู่จุดสูงสุดของท่าเพื่อให้ได้ผลชัดเจน  \n  \n  \n  \nท่าออกก าลังกายที่แนะน า: Gluteus Medius  \n  \n1. Plank (แพลงก์)  \n",
      "images": [
        "/assets/page-10_img-1.jpeg",
        "/assets/page-10_img-2.png"
      ]
    },
    {
      "page": 11,
      "text": "  \nhttps://www.youtube.com/watch?v=Ul7wX7kzV1Y \n● วิธีท า:  \no นอนคว ่า วางศอกและปลายเท้าลงบนพื้น  \no ศอกอยู่ใต้ไหล่ เกร็งหน้าท้องและก้นให้ล าตัวตรงเหมือนไม้กระดาน  \no ค้างไว้ตามเวลาที่ก าหนด  \n● จ านวนครั้ง/ระยะเวลา:  \no เริ่มต้น 20–30 วินาที/ครั้ง  \no 3 เซต  \no 3–4 วัน/สัปดาห์  \n  \n \n \n \n \n2. Side-Lying Leg Lift (นอนตะแคงยกขา)  \n",
      "images": [
        "/assets/page-11_img-1.jpeg"
      ]
    },
    {
      "page": 12,
      "text": "  \n● https://www.youtube.com/watch?v=4Qs3iYJN7Kg \n● วิธีท า:  \no นอนตะแคงข้าง แขนล่างรองศีรษะ  \no เหยียดขาตรงทั้งสองข้าง ยกขาด้านบนขึ้นช้า ๆ จนตึง  \no ลดลงกลับมาโดยไม่แตะขาล่าง  \n● จ านวนครั้ง:  \no 12–15 ครั้ง/ข้าง  \no 2–3 เซต  \no 3–4 วัน/สัปดาห์  \n  \nหมายเหตุ:  \n● ควรเริ่มด้วยจ านวนครั้งหรือนาทีที่ท าได้ ไม่ฝืนจนเกินไป  \n● เมื่อแข็งแรงขึ้นสามารถเพิ่มเวลา/จ านวนครั้งได้[Text Wrapping Break]   \n \n3. กล้ามเนื้อแกนกลางล าตัว (Core Muscles)    \nต าแหน่ง : รอบล าตัว เช่น กล้ามเนื้อหน้าท้อง หลังส่วนล่าง เอว   \nหน้าที่/ฟังก์ชัน : ท าให้ร่างกายมั่นคง พยุงแนวกระดูกสันหลัง ช่วยรักษาสมดุลเวลาเคลื่อนไหว   \n",
      "images": [
        "/assets/page-12_img-1.jpeg",
        "/assets/page-12_img-2.png"
      ]
    },
    {
      "page": 13,
      "text": "* ท าไมต้องดูแล: ถ้าอ่อนแรง → ปวดหลังเรื้อรัง, เคลื่อนไหวยาก     \nการดูแล ออกก าลังกายฝึกแกนกลาง เช่น Plank, Bird-dog, Bridge pose ฝึกการหายใจแบบใช้หน้าท้อง (diaphragmatic \nbreathing) รักษาท่าทางนั่ง–ยืนให้ถูกต้อง  \n  \n  \n1. Plank - ส าหรับ Transverse Abdominis และ Rectus Abdominis  \n  \n●  \n● https://www.youtube.com/watch?v=Ul7wX7kzV1Y \n● วิธีท า:  \no เริ่มต้นในท่าคว ่าตัว วางข้อศอกและปลายเท้าบนพื้น  \no เกร็งหน้าท้องและก้น คงล าตัวให้ตรงจากศีรษะถึงเท้า  \no รักษาท่าตรงโดยไม่ให้สะโพกต ่าหรือสูงเกินไป  \n● จ านวนครั้ง/ระยะเวลา:  \no ค้าง 20–40 วินาที/ครั้ง  \no 3 เซต  \no 3–5 วัน/สัปดาห์  \n",
      "images": [
        "/assets/page-13_img-1.jpeg",
        "/assets/page-13_img-2.png"
      ]
    },
    {
      "page": 14,
      "text": "● ประโยชน์:  \no เสริมความแข็งแรงของ Transverse Abdominis (กล้ามเนื้อแกนกลางลึก) และ Rectus Abdominis (ซิกแพค)  \no ช่วยเพิ่มความเสถียรของล าตัวและลดความเสี่ยงจากการบาดเจ็บ  \n  \n2. Bird Dog - ส าหรับ Multifidus  \n  \n● https://www.youtube.com/watch?v=_1Ngz-gwSPE  \n● วิธีท า:  \no เริ่มต้นในท่าคลาน เข่าตรงกับสะโพก มืออยู่ตรงใต้ไหล่  \no ยืดแขนขวาไปข้างหน้าและขาซ้ายไปด้านหลัง  \no เกร็งหลังล่างและหน้าท้องเพื่อรักษาสมดุล  \no กลับมาท่าคลานแล้วสลับข้าง  \n● จ านวนครั้ง:  \no 10–12 ครั้ง/ข้าง  \no 2–3 เซต  \no 3–4 วัน/สัปดาห์  \n",
      "images": [
        "/assets/page-14_img-1.jpeg",
        "/assets/page-14_img-2.png"
      ]
    },
    {
      "page": 15,
      "text": "● ประโยชน์:  \no ฝึก Multifidus และกล้ามเนื้อแกนกลางล าตัว ช่วยเสริมความแข็งแรงให้หลังและเพิ่มสมดุล  \n  \n3. Crunch - ส าหรับ Rectus Abdominis  \n  \nhttps://www.youtube.com/watch?v=SPpR5_QgVsw \n● วิธีท า:  \no นอนหงาย งอเข่า มือประสานที่หลังศีรษะ  \no ยกศีรษะและไหล่ขึ้นจากพื้น ค่อย ๆ งอท้องจนรู้สึกตึงที่หน้าท้อง  \no หลีกเลี่ยงการดึงคอในระหว่างท่า  \n● จ านวนครั้ง:  \no 15–20 ครั้ง  \no 3 เซต  \no 3–4 วัน/สัปดาห์  \n● ประโยชน์:  \no เสริมความแข็งแรงของ Rectus Abdominis (กล้ามเนื้อหน้าท้องซิกแพค) ช่วยให้หน้าท้องกระชับ  \n  \n",
      "images": [
        "/assets/page-15_img-1.jpeg"
      ]
    },
    {
      "page": 16,
      "text": "เคล็ดลับ:  \n● ส าหรับ Plank, เกร็งหน้าท้องโดยการดึงสะดือเข้าหากระดูกสันหลัง เพื่อให้กล้ามเนื้อ Transverse Abdominis \nท างานได้เต็มที่  \n● ในการท า Crunch, หลีกเลี่ยงการใช้มือดึงศีรษะ หรือท าให้คอเกร็ง ควรให้กล้ามเนื้อท้องท างานเป็นหลัก  \n \n \n๔. กล้ามเนื้อหลัง (Erector Spinae, Latissimus Dorsi)    \nต าแหน่ง : บริเวณแนวสันหลังและหลังช่วงกว้าง    \nหน้าที่/ฟังก์ชัน : รักษาท่าทางให้ตรง ลดโอกาสการเสียสมดุลและการก้มงอผิดท่า   \n* ท าไมต้องดูแล: เพราะช่วยพยุงกระดูกสันหลัง ลดอาการปวดหลัง และเพิ่มความแข็งแรงในการเคลื่อนไหวร่างกาย  \nการดูแล ออกก าลังกายฝึกแกนกลาง : Superman – นอนคว ่า ยกแขนและขาพร้อมกัน  \nBent-over Row – ก้มตัว ดึงดัมเบลเข้าล าตัว Lat Pulldown – ดึงบาร์ลงมาที่อก  \nDeadlift – ยกน ้าหนักจากพื้นโดยใช้แรงหลังและขา  \nนี่คือค าอธิบายท่าออกก าลังกายที่ช่วยเสริมกล้ามเนื้อ Erector Spinae และ Latissimus Dorsi ค่ะ  \n  \n1. Plank (แพลงก์) – ส าหรับ Erector Spinae  \n",
      "images": []
    },
    {
      "page": 17,
      "text": "  \n●  \n● https://www.youtube.com/watch?v=Ul7wX7kzV1Y \n● วิธีท า:  \no นอนคว ่า วางศอกและปลายเท้าลงบนพื้น ศอกอยู่ใต้หัวไหล่  \no เกร็งหน้าท้องและก้น คงล าตัวให้ตรงจากศีรษะถึงส้นเท้า  \no ระวังไม่ให้สะโพกหย่อนหรืองอหลัง  \n● จ านวนครั้ง/ระยะเวลา:  \no ค้าง 20–40 วินาที/ครั้ง  \no 3 เซต  \no 3–4 วัน/สัปดาห์  \n● ประโยชน์:  \no ช่วยฝึกความแข็งแรงของ Erector Spinae และกล้ามเนื้อแกนกลางหลัง  \n  \n2. Lat Pulldown (ดึงข้อด้านหน้า/หลัง) – ส าหรับ Latissimus Dorsi  \n",
      "images": [
        "/assets/page-17_img-1.jpeg"
      ]
    },
    {
      "page": 18,
      "text": "  \n●  \n● https://www.youtube.com/watch?v=4VW-TRijm2E  \n● วิธีท า:  \no นั่งที่เครื่อง Lat Pulldown จับบาร์กว้างกว่าหัวไหล่  \no ดึงบาร์ลงมาที่ระดับอก พร้อมเกร็งกล้ามเนื้อหลัง  \no ค่อย ๆ คลายกลับขึ้นช้า ๆ จนสุดแขน  \n● จ านวนครั้ง:  \no 10–12 ครั้ง/เซต  \no 2–3 เซต  \no 2–3 วัน/สัปดาห์  \n● ประโยชน์:  \no เสริมสร้างกล้ามเนื้อ Latissimus Dorsi (ปีกหลัง) เพิ่มความแข็งแรงของหลังส่วนบนและช่วงไหล่  \n  \n  \n  \n",
      "images": [
        "/assets/page-18_img-1.jpeg"
      ]
    },
    {
      "page": 19,
      "text": "5. กล้ามเนื้อเล็กที่มือและเท้า (Small muscles of hand & foot)    \n * ท ำไมต้องดูแล: ถ้ำอ่อนแรง → จับของไม่มั่นคง เดินไม่มั่นคง   \nการดูแล บีบลูกบอลยาง / ใช้ยางรัดฝึกนิ้วมือ เขียนหนังสือ วาดรูป ต่อเลโก้ → ฝึกกล้ามเนื้อมือ ฝึกเกร็ง–กางนิ้วเท้า, \nเดินเท้าเปล่าบนหญ้าหรือพื้นทราย → เสริมกล้ามเนื้อเท้าและการทรงตัว   \n  Intrinsic hand muscles (lumbricals, interossei) → กำรหยิบ จับ \nเขียน   \nIntrinsic foot muscles (lumbricals, flexor digitorum brevis) → \nกำรทรงตัวขณะยืน/เดิน  \n \n \n \n \n \n \n \n \n \n \n \n \n \n6.กล้ามเนื้อไหล่และแขน (Shoulder & Arm muscles)   \nท าไมต้องดูแล: ช่วยให้ท ากิจวัตร เช่น ยกของ ถือของ หรือผลักดัน   \nการดูแล: ยกดัมเบลเบา ๆ / ขวดน ้า ฝึก biceps & triceps Shoulder rotation exercise เสริม rotator cuff \nยืดเหยียดไหล่ ลดอาการออฟฟิศซินโดรม   \n",
      "images": [
        "/assets/page-19_img-1.jpeg",
        "/assets/page-19_img-2.jpeg"
      ]
    },
    {
      "page": 20,
      "text": "นี่คือค าอธิบายท่าออกก าลังกายส าหรับ Biceps Brachii และ Triceps Brachii \nพร้อมค าแนะน าจ านวนครั้งและความถี่ต่อสัปดาห์ค่ะ  \n  \n1. Biceps Brachii – Dumbbell Curl  \n  \n● https://www.youtube.com/watch?v=TFUznuXdPVo \n● วิธีท า:  \n1. ยืนตรง มือถือดัมเบลทั้งสองข้าง  \n2. งอข้อศอกดึงดัมเบลขึ้นมาที่ระดับไหล่  \n3. ลดดัมเบลลงอย่างช้า ๆ ไม่ให้ข้อศอกเคลื่อน  \n● จ านวนครั้ง: 10–15 ครั้ง / 3 เซ็ต  \n● ความถี่: 2–3 วัน/สัปดาห์  \n● ประโยชน์: เสริมความแข็งแรง Biceps Brachii และช่วยเพิ่มการงอข้อศอก  \n  \n2. Triceps Brachii – Push-Up Hold  \n",
      "images": [
        "/assets/page-20_img-1.jpeg"
      ]
    },
    {
      "page": 21,
      "text": "  \n●  \n● https://www.youtube.com/watch?v=s3z0w-82Y00วิธีท า:  \n1. เริ่มในท่า Push-Up  \n2. งอข้อศอกประมาณ 90° ค้างท่า  \n3. เกร็งกล้ามเนื้อ Triceps และแกนกลางล าตัว  \n● จ านวนครั้ง/ระยะเวลา: ค้าง 20–30 วินาที / 3 เซ็ต  \n● ความถี่: 3 วัน/สัปดาห์  \n● ประโยชน์: ฝึกความแข็งแรง Triceps Brachii และ Core  \n",
      "images": [
        "/assets/page-21_img-1.jpeg"
      ]
    },
    {
      "page": 22,
      "text": "  \n3. Triceps Brachii – Tricep Dips  \n  \n●  \n● https://www.youtube.com/watch?v=FVkU3Og5hA0 วิธีท า:  \n1. ใช้เก้าอี้หรือม้านั่ง วางมือด้านหลัง ล าตัวห่างจากเก้าอี้  \n2. งอข้อศอกลงจนประมาณ 90° แล้วดันตัวขึ้น  \n3. เกร็ง Triceps ขณะดันตัวขึ้น  \n● จ านวนครั้ง: 10–12 ครั้ง / 3 เซ็ต  \n● ความถี่: 2–3 วัน/สัปดาห์  \n● ประโยชน์: เพิ่มความแข็งแรง Triceps Brachii และช่วยเสริมความมั่นคงแขน  \n  \nเคล็ดลับ:  \n● ควบคุมการเคลื่อนไหว ช้า ๆ ทั้งขาขึ้นและลง  \n● รักษาข้อศอกติดตัวเมื่อท า Tricep Dips  \n● สามารถสลับวันระหว่าง Biceps และ Triceps เพื่อให้กล้ามเนื้อพัก  \n \n \n",
      "images": [
        "/assets/page-22_img-1.jpeg"
      ]
    }
  ],
  "exercises": [
    {
      "slug": "squat",
      "title": "Squat",
      "category": "legs",
      "steps": [
        "ยืนกว้างเท่าไหล่ หลังตรง",
        "งอเข่าและสะโพกลงเหมือนนั่งเก้าอี้ น้ำหนักอยู่ที่ส้นเท้า",
        "ค้างท่า 1–2 วินาที แล้วดันตัวกลับขึ้น"
      ],
      "reps": "12–15 ครั้ง / 3 เซ็ต",
      "frequency": "3–4 วัน/สัปดาห์",
      "benefits": [
        "เสริมกล้ามเนื้อหน้าขา (Quadriceps)",
        "ก้น และสะโพก"
      ],
      "youtubeUrl": "https://www.youtube.com/watch?v=fKrzVBsUlv4",
      "images": [
        "/assets/page-2_img-1.jpeg"
      ]
    },
    {
      "slug": "plank",
      "title": "Plank",
      "category": "core",
      "steps": [
        "คว่ำตัว วางข้อศอกหรือฝ่ามือลงพื้น",
        "หลังตรง ศีรษะ-ลำตัว-สะโพกอยู่แนวเดียวกัน",
        "เกร็งหน้าท้องและก้น"
      ],
      "reps": "ค้าง 20–40 วินาที / 3 เซ็ต",
      "frequency": "3–5 วัน/สัปดาห์",
      "benefits": [
        "ฝึกกล้ามเนื้อแกนกลาง (core)",
        "เพิ่มสมดุลและท่าทาง"
      ],
      "youtubeUrl": "https://www.youtube.com/watch?v=Ul7wX7kzV1Y",
      "images": [
        "/assets/page-2_img-1.jpeg"
      ]
    },
    {
      "slug": "wall-sit",
      "title": "Wall Sit",
      "category": "legs",
      "steps": [
        "พิงหลังกับผนัง",
        "งอเข่า 90° เหมือนนั่งเก้าอี้",
        "ค้างท่า"
      ],
      "reps": "ค้าง 20–40 วินาที / 3 เซ็ต",
      "frequency": "2–3 วัน/สัปดาห์",
      "benefits": [
        "เสริมความทนทานของ Quadriceps และแกนกลาง"
      ],
      "youtubeUrl": "https://www.youtube.com/watch?v=DD9IPvb5yTg",
      "images": [
        "/assets/page-2_img-1.jpeg"
      ]
    },
    {
      "slug": "isometric-lunge-hold",
      "title": "Isometric Lunge Hold",
      "category": "legs",
      "steps": [
        "ก้าวขาหนึ่งไปข้างหน้า ทำท่า lunge งอเข่า 90°",
        "ค้างท่า เกร็งก้นและหน้าขา"
      ],
      "reps": "ค้าง 20–30 วินาที/ข้าง / 3 เซ็ต",
      "frequency": "3 วัน/สัปดาห์",
      "benefits": [
        "เพิ่มความแข็งแรงต้นขา ก้น และสมดุล"
      ],
      "youtubeUrl": "https://www.youtube.com/shorts/VsurwTOm7Jl",
      "images": [
        "/assets/page-2_img-1.jpeg"
      ]
    },
    {
      "slug": "quadriceps-stretch",
      "title": "Quadriceps Stretch",
      "category": "legs",
      "steps": [
        "ยืนตรง ดึงข้อเท้าข้างหนึ่งขึ้นมาชิดก้น คงลำตัวตรง",
        "จับข้อเท้าค้าง 20–30 วินาที/ข้าง"
      ],
      "reps": "ค้าง 20–30 วินาที/ข้าง",
      "frequency": "ทุกวันหรือหลังการฝึก",
      "benefits": [
        "ยืดกล้ามเนื้อหน้าขา (Quadriceps)",
        "ช่วยเพิ่มความยืดหยุ่นและป้องกันบาดเจ็บ"
      ],
      "youtubeUrl": "https://www.youtube.com/watch?v=aYjanKS1q18",
      "images": [
        "/assets/page-2_img-1.jpeg"
      ]
    },
    {
      "slug": "glute-bridge-hold",
      "title": "Glute Bridge Hold",
      "category": "glutes",
      "steps": [
        "นอนหงาย งอเข่า วางฝ่าเท้าบนพื้น ยกสะโพกขึ้นจนลำตัวเป็นเส้นตรง",
        "เกร็งก้นและค้างท่า"
      ],
      "reps": "ค้าง 20–40 วินาที / 3 เซ็ต",
      "frequency": "3 วัน/สัปดาห์",
      "benefits": [
        "เน้นกล้ามเนื้อก้น (Gluteus Maximus)",
        "ช่วยเสริมความแข็งแรงสะโพก"
      ],
      "youtubeUrl": "https://www.youtube.com/watch?v=O88n4N8iq_c",
      "images": [
        "/assets/page-6_img-1.jpeg"
      ]
    },
    {
      "slug": "romanian-deadlift",
      "title": "Romanian Deadlift (RDL)",
      "category": "glutes",
      "steps": [
        "ยืนถือดัมเบลหรือบาร์ หลังตรง โน้มตัวจากสะโพกไปข้างหน้า คงเข่าเล็กน้อย",
        "ยกกลับขึ้นโดยใช้สะโพกและหลังล่าง"
      ],
      "reps": "8–12 ครั้ง / 3 เซ็ต",
      "frequency": "2–3 วัน/สัปดาห์",
      "benefits": [
        "เสริมกล้ามเนื้อสะโพกและ Hamstrings",
        "ฝึกการใช้งาน posterior chain"
      ],
      "youtubeUrl": "https://www.youtube.com/watch?v=gP-EvyS8DjA",
      "images": [
        "/assets/page-6_img-1.jpeg"
      ]
    },
    {
      "slug": "hip-thrust",
      "title": "Hip Thrust",
      "category": "glutes",
      "steps": [
        "เอนหลังบนม้านั่ง วางบาร์หรือน้ำหนักบนสะโพก ยกสะโพกขึ้นจนลำตัวตรง",
        "เกร็งก้นที่จุดบนสุดแล้วค่อยๆ ลดลง"
      ],
      "reps": "8–12 ครั้ง / 3 เซ็ต",
      "frequency": "2–3 วัน/สัปดาห์",
      "benefits": [
        "เน้นกล้ามเนื้อ Gluteus Maximus",
        "เพิ่มสมรรถภาพการยกสะโพก"
      ],
      "youtubeUrl": "https://www.youtube.com/watch?v=wDzokosnOaY",
      "images": [
        "/assets/page-6_img-1.jpeg"
      ]
    },
    {
      "slug": "side-lying-leg-lift",
      "title": "Side-Lying Leg Lift",
      "category": "glutes",
      "steps": [
        "นอนตะแคง ยกขาข้างบนขึ้นตรงๆ และลดลงอย่างช้าๆ",
        "ควบคุมการเคลื่อนไหว ระวังอย่าให้ลำตัวบิด"
      ],
      "reps": "12–15 ครั้ง / 3 เซ็ต",
      "frequency": "3 วัน/สัปดาห์",
      "benefits": [
        "เน้น Gluteus Medius",
        "ช่วยเพิ่มความมั่นคงสะโพก"
      ],
      "youtubeUrl": "https://www.youtube.com/watch?v=4Qs~iYJN7~Kg",
      "images": [
        "/assets/page-6_img-1.jpeg"
      ]
    },
    {
      "slug": "bird-dog",
      "title": "Bird Dog",
      "category": "core",
      "steps": [
        "เริ่มจากทั้งสี่ วางมือใต้ไหล่ เข่าใต้สะโพก",
        "ยืดแขนขาตรงข้ามออก ให้ลำตัวตรง ค้าง 1–2 วินาที",
        "สลับข้าง"
      ],
      "reps": "10–12 ครั้ง/ข้าง / 3 เซ็ต",
      "frequency": "3–5 วัน/สัปดาห์",
      "benefits": [
        "ฝึกสมดุลและแกนกลาง",
        "เสริมกล้ามเนื้อหลังล่างและสะโพก"
      ],
      "youtubeUrl": "https://www.youtube.com/watch?v=_1Ngz-gwSPE",
      "images": [
        "/assets/page-12_img-1.jpeg"
      ]
    },
    {
      "slug": "crunch",
      "title": "Crunch",
      "category": "core",
      "steps": [
        "นอนหงาย งอเข่า วางมือหลังศีรษะ ใช้กล้ามท้องส่วนบนยกตัวขึ้นเล็กน้อย",
        "ควบคุมการลงเพื่อไม่ให้คอรับน้ำหนัก"
      ],
      "reps": "15–20 ครั้ง / 3 เซ็ต",
      "frequency": "3–5 วัน/สัปดาห์",
      "benefits": [
        "เสริมกล้ามเนื้อหน้าท้อง (rectus abdominis)"
      ],
      "youtubeUrl": "https://www.youtube.com/watch?v=SPpR5_QgVsw",
      "images": [
        "/assets/page-12_img-1.jpeg"
      ]
    },
    {
      "slug": "lat-pulldown",
      "title": "Lat Pulldown",
      "category": "back",
      "steps": [
        "นั่งจับบาร์ด้วยฝ่ามือกว้าง โน้มอกเล็กน้อย ดึงบาร์ลงมาที่อกส่วนบน",
        "ปล่อยกลับอย่างช้าๆ ควบคุมการเคลื่อนไหว"
      ],
      "reps": "8–12 ครั้ง / 3 เซ็ต",
      "frequency": "2–3 วัน/สัปดาห์",
      "benefits": [
        "เสริมกล้ามเนื้อ Latissimus Dorsi",
        "ช่วยปรับท่าทางและความแข็งแรงหลัง"
      ],
      "youtubeUrl": "https://www.youtube.com/watch?v=4VW-TRijm2E",
      "images": [
        "/assets/page-18_img-1.jpeg"
      ]
    },
    {
      "slug": "hands-feet-care",
      "title": "Hand & Foot Small Muscles Care",
      "category": "hands-feet",
      "steps": [
        "ฝึกนิ้วโดยการกำและปล่อยลูกบอลยาง",
        "เดินด้วยปลายเท้าและส้นเท้าสลับกัน เพื่อกระตุ้นกล้ามเนื้อเท้า"
      ],
      "reps": "ทำตามคำแนะนำในหน้า PDF",
      "frequency": "ทุกวันหรือเมื่อต้องการ",
      "benefits": [
        "รักษาความคล่องของนิ้วมือและเท้า",
        "ป้องกันการอ่อนแรงกล้ามเนื้อเล็ก"
      ],
      "youtubeUrl": "",
      "images": [
        "/assets/page-21_img-1.jpeg"
      ]
    },
    {
      "slug": "dumbbell-curl",
      "title": "Dumbbell Curl (Biceps Brachii)",
      "category": "arms-shoulders",
      "steps": [
        "ยืนตรง ถือดัมเบลไว้ข้างลำตัว งอข้อศอกยกดัมเบลขึ้นช้าๆ",
        "ควบคุมการลงกลับสู่ตำแหน่งเริ่มต้น"
      ],
      "reps": "8–12 ครั้ง / 3 เซ็ต",
      "frequency": "2–3 วัน/สัปดาห์",
      "benefits": [
        "เสริมกล้ามเนื้อ Biceps",
        "ช่วยการงอข้อศอกและการจับ"
      ],
      "youtubeUrl": "https://www.youtube.com/watch?v=TFUznuXdPVo",
      "images": [
        "/assets/page-21_img-1.jpeg"
      ]
    },
    {
      "slug": "push-up-hold",
      "title": "Push-Up Hold (Triceps)",
      "category": "arms-shoulders",
      "steps": [
        "ทำท่า push-up แล้วค้างในตำแหน่งด้านล่างหรือด้านบนเพื่อเกร็งกล้ามเนื้อ triceps",
        "ค้างเป็นช่วงๆ"
      ],
      "reps": "ค้าง 10–20 วินาที / 3 เซ็ต",
      "frequency": "2–3 วัน/สัปดาห์",
      "benefits": [
        "เสริม Triceps และความคงตัวของไหล่"
      ],
      "youtubeUrl": "https://www.youtube.com/watch?v=s3z0w-82Y00",
      "images": [
        "/assets/page-21_img-1.jpeg"
      ]
    },
    {
      "slug": "tricep-dips",
      "title": "Tricep Dips",
      "category": "arms-shoulders",
      "steps": [
        "นั่งบนม้านั่ง ยืดขาไปข้างหน้า วางมือข้างๆ ยกตัวขึ้นและลดลงโดยใช้แขน",
        "ควบคุมการเคลื่อนไหวเพื่อไม่ให้ไหล่บาดเจ็บ"
      ],
      "reps": "8–15 ครั้ง / 3 เซ็ต",
      "frequency": "2–3 วัน/สัปดาห์",
      "benefits": [
        "เสริม Triceps และความแข็งแรงแขนหลัง"
      ],
      "youtubeUrl": "https://www.youtube.com/watch?v=FVkU3Og5hA0",
      "images": [
        "/assets/page-21_img-1.jpeg"
      ]
    }
  ]
}