[
  {
    "id": 1,
    "q": "ถ้าเราไม่ออกกำลังกายเลย เมื่ออายุมากขึ้นร่างกายจะเป็นอย่างไร?",
    "choices": [
      "มวลกล้ามเนื้อคงที่",
      "มวลกล้ามเนื้อลดลงและเสี่ยง Sarcopenia",
      "ความแข็งแรงเพิ่มขึ้น",
      "ไม่มีผลใดๆ"
    ],
    "answer": 1
  },
  {
    "id": 2,
    "q": "กล้ามเนื้อที่ใช้ในการเดินและลุกนั่งเป็นประจำคือกล้ามเนื้อส่วนใด?",
    "choices": [
      "Biceps",
      "Quadriceps",
      "Latissimus Dorsi",
      "Triceps"
    ],
    "answer": 1
  },
  {
    "id": 3,
    "q": "การออกกำลังกายแบบใดช่วยชะลอภาวะ Sarcopenia ได้ดีที่สุด?",
    "choices": [
      "Cardio เท่านั้น",
      "Resistance training/Strength training",
      "ยืดเหยียดเท่านั้น",
      "นอนมากขึ้น"
    ],
    "answer": 1
  },
  {
    "id": 4,
    "q": "โปรตีนมีบทบาทอย่างไรในการสร้างกล้ามเนื้อ?",
    "choices": [
      "ไม่เกี่ยวข้อง",
      "ช่วยซ่อมแซมและสร้างกล้ามเนื้อ",
      "ทำให้เหนื่อยง่าย",
      "ป้องกันการบาดเจ็บเท่านั้น"
    ],
    "answer": 1
  },
  {
    "id": 5,
    "q": "อายุประมาณใดที่มักเริ่มสูญเสียมวลกล้ามเนื้อตามธรรมชาติ?",
    "choices": [
      "เด็กวัยรุ่น",
      "ช่วงวัยทำงานต้น",
      "วัยกลางคนและสูงวัย",
      "ทารก"
    ],
    "answer": 2
  },
  {
    "id": 6,
    "q": "คำว่า 'Sarcopenia' หมายถึงอะไร?",
    "choices": [
      "การเพิ่มมวลไขมัน",
      "การสูญเสียมวลกล้ามเนื้อและความแข็งแรง",
      "โรคหัวใจ",
      "โรคเกี่ยวกับกระดูก"
    ],
    "answer": 1
  },
  {
    "id": 7,
    "q": "ท่า Squat มีผลดีต่อกล้ามเนื้อส่วนใด?",
    "choices": [
      "Quadriceps และ Glutes",
      "Biceps",
      "Neck muscles",
      "Forearms"
    ],
    "answer": 0
  },
  {
    "id": 8,
    "q": "การยืดกล้ามเนื้อหลังออกกำลังกายมีประโยชน์อย่างไร?",
    "choices": [
      "เพิ่มความยืดหยุ่นและลดการเกร็ง",
      "ทำให้กล้ามเนื้อสลาย",
      "ไม่มีประโยชน์",
      "เพิ่มน้ำหนักทันที"
    ],
    "answer": 0
  },
  {
    "id": 9,
    "q": "ควรออกกำลังกายกี่วันต่อสัปดาห์เพื่อรักษามวลกล้ามเนื้อ?",
    "choices": [
      "1 วัน",
      "3–5 วัน",
      "ทุกชั่วโมง",
      "ไม่จำเป็นต้องออก"
    ],
    "answer": 1
  },
  {
    "id": 10,
    "q": "การดื่มน้ำมีผลต่อการสร้างกล้ามเนื้ออย่างไร?",
    "choices": [
      "ไม่มีผล",
      "ช่วยให้เมตาบอริซึมและการฟื้นฟูดีขึ้น",
      "ทำให้กล้ามเนื้อหายไป",
      "ทำให้เจ็บปวด"
    ],
    "answer": 1
  },
  {
    "id": 11,
    "q": "กล้ามเนื้อสะโพก (Gluteus Maximus) สำคัญต่อการเคลื่อนไหวแบบใด?",
    "choices": [
      "หายใจ",
      "การยืนและวิ่ง",
      "การมองเห็น",
      "การย่อยอาหาร"
    ],
    "answer": 1
  },
  {
    "id": 12,
    "q": "การออกกำลังกายช่วยเรื่องสมดุลร่างกายได้อย่างไร?",
    "choices": [
      "เพิ่มความแข็งแรงแกนกลางและประสานการทำงานของกล้ามเนื้อ",
      "ทำให้สมดุลแย่ลง",
      "ไม่มีผล",
      "เพิ่มน้ำหนัก"
    ],
    "answer": 0
  },
  {
    "id": 13,
    "q": "ถ้าเจ็บกล้ามเนื้อหลังออกกำลังกาย ควรทำอย่างไร?",
    "choices": [
      "ฝืนต่อ",
      "พักและประคบน้ำแข็ง/ปรึกษาผู้เชี่ยวชาญ",
      "ไม่ทำอะไรเลย",
      "กินของหวานมากขึ้น"
    ],
    "answer": 1
  },
  {
    "id": 14,
    "q": "การรับประทานโปรตีนหลังการออกกำลังกายมีประโยชน์อย่างไร?",
    "choices": [
      "ช่วยซ่อมแซมและเสริมสร้างกล้ามเนื้อ",
      "ทำให้เหนื่อย",
      "ไม่มีประโยชน์",
      "ทำให้เป็นไขมันทันที"
    ],
    "answer": 0
  },
  {
    "id": 15,
    "q": "ทำไมผู้สูงอายุควรฝึกกล้ามเนื้อแกนกลางลำตัว (Core)?",
    "choices": [
      "เพื่อเพิ่มสมดุลและป้องกันการล้ม",
      "เพื่อให้ตัวสูงขึ้น",
      "เพื่อเปลี่ยนสีผม",
      "ไม่มีเหตุผล"
    ],
    "answer": 0
  }
]